idPersonajes,armaPrimaria,armaSecundaria,armaTerciaria,casco,guantes,pecho,botas
1,placeholder,placeholder,placeholder,placeholder,placeholder,placeholder,placeholder
2,placeholder,placeholder,placeholder,placeholder,placeholder,placeholder,placeholder
3,placeholder,placeholder,placeholder,placeholder,placeholder,placeholder,placeholder
4,placeholder,placeholder,placeholder,placeholder,placeholder,placeholder,placeholder
5,placeholder,placeholder,placeholder,placeholder,placeholder,placeholder,placeholder
6,placeholder,placeholder,placeholder,placeholder,placeholder,placeholder,placeholder
7,placeholder,placeholder,placeholder,placeholder,placeholder,placeholder,placeholder
8,placeholder,placeholder,placeholder,placeholder,placeholder,placeholder,placeholder
9,placeholder,placeholder,placeholder,placeholder,placeholder,placeholder,placeholder
10,placeholder,placeholder,placeholder,placeholder,placeholder,placeholder,placeholder
11,placeholder,placeholder,placeholder,placeholder,placeholder,placeholder,placeholder
12,placeholder,placeholder,placeholder,placeholder,placeholder,placeholder,placeholder
13,placeholder,placeholder,placeholder,placeholder,placeholder,placeholder,placeholder
14,placeholder,placeholder,placeholder,placeholder,placeholder,placeholder,placeholder
15,placeholder,placeholder,placeholder,placeholder,placeholder,placeholder,placeholder
16,placeholder,placeholder,placeholder,placeholder,placeholder,placeholder,placeholder
17,placeholder,placeholder,placeholder,placeholder,placeholder,placeholder,placeholder
18,placeholder,placeholder,placeholder,placeholder,placeholder,placeholder,placeholder
19,placeholder,placeholder,placeholder,placeholder,placeholder,placeholder,placeholder
20,placeholder,placeholder,placeholder,placeholder,placeholder,placeholder,placeholder
21,placeholder,placeholder,placeholder,placeholder,placeholder,placeholder,placeholder
22,placeholder,placeholder,placeholder,placeholder,placeholder,placeholder,placeholder
23,placeholder,placeholder,placeholder,placeholder,placeholder,placeholder,placeholder
24,placeholder,placeholder,placeholder,placeholder,placeholder,placeholder,placeholder
25,placeholder,placeholder,placeholder,placeholder,placeholder,placeholder,placeholder
26,placeholder,placeholder,placeholder,placeholder,placeholder,placeholder,placeholder
27,placeholder,placeholder,placeholder,placeholder,placeholder,placeholder,placeholder
28,placeholder,placeholder,placeholder,placeholder,placeholder,placeholder,placeholder
29,placeholder,placeholder,placeholder,placeholder,placeholder,placeholder,placeholder
30,placeholder,placeholder,placeholder,placeholder,placeholder,placeholder,placeholder
31,placeholder,placeholder,placeholder,placeholder,placeholder,placeholder,placeholder
32,placeholder,placeholder,placeholder,placeholder,placeholder,placeholder,placeholder
33,placeholder,placeholder,placeholder,placeholder,placeholder,placeholder,placeholder
34,placeholder,placeholder,placeholder,placeholder,placeholder,placeholder,placeholder
35,placeholder,placeholder,placeholder,placeholder,placeholder,placeholder,placeholder
36,placeholder,placeholder,placeholder,placeholder,placeholder,placeholder,placeholder
37,placeholder,placeholder,placeholder,placeholder,placeholder,placeholder,placeholder
38,placeholder,placeholder,placeholder,placeholder,placeholder,placeholder,placeholder
39,placeholder,placeholder,placeholder,placeholder,placeholder,placeholder,placeholder
40,placeholder,placeholder,placeholder,placeholder,placeholder,placeholder,placeholder
41,placeholder,placeholder,placeholder,placeholder,placeholder,placeholder,placeholder
42,placeholder,placeholder,placeholder,placeholder,placeholder,placeholder,placeholder
43,placeholder,placeholder,placeholder,placeholder,placeholder,placeholder,placeholder
44,placeholder,placeholder,placeholder,placeholder,placeholder,placeholder,placeholder
45,placeholder,placeholder,placeholder,placeholder,placeholder,placeholder,placeholder
46,placeholder,placeholder,placeholder,placeholder,placeholder,placeholder,placeholder
47,placeholder,placeholder,placeholder,placeholder,placeholder,placeholder,placeholder
48,placeholder,placeholder,placeholder,placeholder,placeholder,placeholder,placeholder
49,placeholder,placeholder,placeholder,placeholder,placeholder,placeholder,placeholder
50,placeholder,placeholder,placeholder,placeholder,placeholder,placeholder,placeholder
51,placeholder,placeholder,placeholder,placeholder,placeholder,placeholder,placeholder
52,placeholder,placeholder,placeholder,placeholder,placeholder,placeholder,placeholder
53,placeholder,placeholder,placeholder,placeholder,placeholder,placeholder,placeholder
54,placeholder,placeholder,placeholder,placeholder,placeholder,placeholder,placeholder
55,placeholder,placeholder,placeholder,placeholder,placeholder,placeholder,placeholder
56,placeholder,placeholder,placeholder,placeholder,placeholder,placeholder,placeholder
57,placeholder,placeholder,placeholder,placeholder,placeholder,placeholder,placeholder
58,placeholder,placeholder,placeholder,placeholder,placeholder,placeholder,placeholder
59,placeholder,placeholder,placeholder,placeholder,placeholder,placeholder,placeholder
60,placeholder,placeholder,placeholder,placeholder,placeholder,placeholder,placeholder
61,placeholder,placeholder,placeholder,placeholder,placeholder,placeholder,placeholder
62,placeholder,placeholder,placeholder,placeholder,placeholder,placeholder,placeholder
63,placeholder,placeholder,placeholder,placeholder,placeholder,placeholder,placeholder
64,placeholder,placeholder,placeholder,placeholder,placeholder,placeholder,placeholder
65,placeholder,placeholder,placeholder,placeholder,placeholder,placeholder,placeholder
66,placeholder,placeholder,placeholder,placeholder,placeholder,placeholder,placeholder
67,placeholder,placeholder,placeholder,placeholder,placeholder,placeholder,placeholder
68,placeholder,placeholder,placeholder,placeholder,placeholder,placeholder,placeholder
69,placeholder,placeholder,placeholder,placeholder,placeholder,placeholder,placeholder
70,placeholder,placeholder,placeholder,placeholder,placeholder,placeholder,placeholder
71,placeholder,placeholder,placeholder,placeholder,placeholder,placeholder,placeholder
72,placeholder,placeholder,placeholder,placeholder,placeholder,placeholder,placeholder
73,placeholder,placeholder,placeholder,placeholder,placeholder,placeholder,placeholder
74,placeholder,placeholder,placeholder,placeholder,placeholder,placeholder,placeholder
75,placeholder,placeholder,placeholder,placeholder,placeholder,placeholder,placeholder
76,placeholder,placeholder,placeholder,placeholder,placeholder,placeholder,placeholder
77,placeholder,placeholder,placeholder,placeholder,placeholder,placeholder,placeholder
78,placeholder,placeholder,placeholder,placeholder,placeholder,placeholder,placeholder
79,placeholder,placeholder,placeholder,placeholder,placeholder,placeholder,placeholder
80,placeholder,placeholder,placeholder,placeholder,placeholder,placeholder,placeholder
81,placeholder,placeholder,placeholder,placeholder,placeholder,placeholder,placeholder
82,placeholder,placeholder,placeholder,placeholder,placeholder,placeholder,placeholder
83,placeholder,placeholder,placeholder,placeholder,placeholder,placeholder,placeholder
84,placeholder,placeholder,placeholder,placeholder,placeholder,placeholder,placeholder
85,placeholder,placeholder,placeholder,placeholder,placeholder,placeholder,placeholder
86,placeholder,placeholder,placeholder,placeholder,placeholder,placeholder,placeholder
87,placeholder,placeholder,placeholder,placeholder,placeholder,placeholder,placeholder
88,placeholder,placeholder,placeholder,placeholder,placeholder,placeholder,placeholder
89,placeholder,placeholder,placeholder,placeholder,placeholder,placeholder,placeholder
90,placeholder,placeholder,placeholder,placeholder,placeholder,placeholder,placeholder
91,placeholder,placeholder,placeholder,placeholder,placeholder,placeholder,placeholder
92,placeholder,placeholder,placeholder,placeholder,placeholder,placeholder,placeholder
93,placeholder,placeholder,placeholder,placeholder,placeholder,placeholder,placeholder
94,placeholder,placeholder,placeholder,placeholder,placeholder,placeholder,placeholder
95,placeholder,placeholder,placeholder,placeholder,placeholder,placeholder,placeholder
96,placeholder,placeholder,placeholder,placeholder,placeholder,placeholder,placeholder
97,placeholder,placeholder,placeholder,placeholder,placeholder,placeholder,placeholder
98,placeholder,placeholder,placeholder,placeholder,placeholder,placeholder,placeholder
99,placeholder,placeholder,placeholder,placeholder,placeholder,placeholder,placeholder
100,placeholder,placeholder,placeholder,placeholder,placeholder,placeholder,placeholder
101,placeholder,placeholder,placeholder,placeholder,placeholder,placeholder,placeholder
102,placeholder,placeholder,placeholder,placeholder,placeholder,placeholder,placeholder
103,placeholder,placeholder,placeholder,placeholder,placeholder,placeholder,placeholder
104,placeholder,placeholder,placeholder,placeholder,placeholder,placeholder,placeholder
105,placeholder,placeholder,placeholder,placeholder,placeholder,placeholder,placeholder
106,placeholder,placeholder,placeholder,placeholder,placeholder,placeholder,placeholder
107,placeholder,placeholder,placeholder,placeholder,placeholder,placeholder,placeholder
108,placeholder,placeholder,placeholder,placeholder,placeholder,placeholder,placeholder
109,placeholder,placeholder,placeholder,placeholder,placeholder,placeholder,placeholder
110,placeholder,placeholder,placeholder,placeholder,placeholder,placeholder,placeholder
111,placeholder,placeholder,placeholder,placeholder,placeholder,placeholder,placeholder
112,placeholder,placeholder,placeholder,placeholder,placeholder,placeholder,placeholder
113,placeholder,placeholder,placeholder,placeholder,placeholder,placeholder,placeholder
114,placeholder,placeholder,placeholder,placeholder,placeholder,placeholder,placeholder
115,placeholder,placeholder,placeholder,placeholder,placeholder,placeholder,placeholder
116,placeholder,placeholder,placeholder,placeholder,placeholder,placeholder,placeholder
117,placeholder,placeholder,placeholder,placeholder,placeholder,placeholder,placeholder
118,placeholder,placeholder,placeholder,placeholder,placeholder,placeholder,placeholder
119,placeholder,placeholder,placeholder,placeholder,placeholder,placeholder,placeholder
120,placeholder,placeholder,placeholder,placeholder,placeholder,placeholder,placeholder
121,placeholder,placeholder,placeholder,placeholder,placeholder,placeholder,placeholder
122,placeholder,placeholder,placeholder,placeholder,placeholder,placeholder,placeholder
123,placeholder,placeholder,placeholder,placeholder,placeholder,placeholder,placeholder
124,placeholder,placeholder,placeholder,placeholder,placeholder,placeholder,placeholder
125,placeholder,placeholder,placeholder,placeholder,placeholder,placeholder,placeholder
126,placeholder,placeholder,placeholder,placeholder,placeholder,placeholder,placeholder
127,placeholder,placeholder,placeholder,placeholder,placeholder,placeholder,placeholder
128,placeholder,placeholder,placeholder,placeholder,placeholder,placeholder,placeholder
129,placeholder,placeholder,placeholder,placeholder,placeholder,placeholder,placeholder
130,placeholder,placeholder,placeholder,placeholder,placeholder,placeholder,placeholder
131,placeholder,placeholder,placeholder,placeholder,placeholder,placeholder,placeholder
132,placeholder,placeholder,placeholder,placeholder,placeholder,placeholder,placeholder
133,placeholder,placeholder,placeholder,placeholder,placeholder,placeholder,placeholder
134,placeholder,placeholder,placeholder,placeholder,placeholder,placeholder,placeholder
135,placeholder,placeholder,placeholder,placeholder,placeholder,placeholder,placeholder
136,placeholder,placeholder,placeholder,placeholder,placeholder,placeholder,placeholder
137,placeholder,placeholder,placeholder,placeholder,placeholder,placeholder,placeholder
138,placeholder,placeholder,placeholder,placeholder,placeholder,placeholder,placeholder
139,placeholder,placeholder,placeholder,placeholder,placeholder,placeholder,placeholder
140,placeholder,placeholder,placeholder,placeholder,placeholder,placeholder,placeholder
141,placeholder,placeholder,placeholder,placeholder,placeholder,placeholder,placeholder
142,placeholder,placeholder,placeholder,placeholder,placeholder,placeholder,placeholder
143,placeholder,placeholder,placeholder,placeholder,placeholder,placeholder,placeholder
144,placeholder,placeholder,placeholder,placeholder,placeholder,placeholder,placeholder
145,placeholder,placeholder,placeholder,placeholder,placeholder,placeholder,placeholder
146,placeholder,placeholder,placeholder,placeholder,placeholder,placeholder,placeholder
147,placeholder,placeholder,placeholder,placeholder,placeholder,placeholder,placeholder
148,placeholder,placeholder,placeholder,placeholder,placeholder,placeholder,placeholder
149,placeholder,placeholder,placeholder,placeholder,placeholder,placeholder,placeholder
150,placeholder,placeholder,placeholder,placeholder,placeholder,placeholder,placeholder
151,placeholder,placeholder,placeholder,placeholder,placeholder,placeholder,placeholder
152,placeholder,placeholder,placeholder,placeholder,placeholder,placeholder,placeholder
153,placeholder,placeholder,placeholder,placeholder,placeholder,placeholder,placeholder
154,placeholder,placeholder,placeholder,placeholder,placeholder,placeholder,placeholder
155,placeholder,placeholder,placeholder,placeholder,placeholder,placeholder,placeholder
156,placeholder,placeholder,placeholder,placeholder,placeholder,placeholder,placeholder
157,placeholder,placeholder,placeholder,placeholder,placeholder,placeholder,placeholder
158,placeholder,placeholder,placeholder,placeholder,placeholder,placeholder,placeholder
159,placeholder,placeholder,placeholder,placeholder,placeholder,placeholder,placeholder
160,placeholder,placeholder,placeholder,placeholder,placeholder,placeholder,placeholder
161,placeholder,placeholder,placeholder,placeholder,placeholder,placeholder,placeholder
162,placeholder,placeholder,placeholder,placeholder,placeholder,placeholder,placeholder
163,placeholder,placeholder,placeholder,placeholder,placeholder,placeholder,placeholder
164,placeholder,placeholder,placeholder,placeholder,placeholder,placeholder,placeholder
165,placeholder,placeholder,placeholder,placeholder,placeholder,placeholder,placeholder
166,placeholder,placeholder,placeholder,placeholder,placeholder,placeholder,placeholder
167,placeholder,placeholder,placeholder,placeholder,placeholder,placeholder,placeholder
168,placeholder,placeholder,placeholder,placeholder,placeholder,placeholder,placeholder
169,placeholder,placeholder,placeholder,placeholder,placeholder,placeholder,placeholder
170,placeholder,placeholder,placeholder,placeholder,placeholder,placeholder,placeholder
171,placeholder,placeholder,placeholder,placeholder,placeholder,placeholder,placeholder
172,placeholder,placeholder,placeholder,placeholder,placeholder,placeholder,placeholder
173,placeholder,placeholder,placeholder,placeholder,placeholder,placeholder,placeholder
174,placeholder,placeholder,placeholder,placeholder,placeholder,placeholder,placeholder
175,placeholder,placeholder,placeholder,placeholder,placeholder,placeholder,placeholder
176,placeholder,placeholder,placeholder,placeholder,placeholder,placeholder,placeholder
177,placeholder,placeholder,placeholder,placeholder,placeholder,placeholder,placeholder
178,placeholder,placeholder,placeholder,placeholder,placeholder,placeholder,placeholder
179,placeholder,placeholder,placeholder,placeholder,placeholder,placeholder,placeholder
180,placeholder,placeholder,placeholder,placeholder,placeholder,placeholder,placeholder
181,placeholder,placeholder,placeholder,placeholder,placeholder,placeholder,placeholder
182,placeholder,placeholder,placeholder,placeholder,placeholder,placeholder,placeholder
183,placeholder,placeholder,placeholder,placeholder,placeholder,placeholder,placeholder
184,placeholder,placeholder,placeholder,placeholder,placeholder,placeholder,placeholder
185,placeholder,placeholder,placeholder,placeholder,placeholder,placeholder,placeholder
186,placeholder,placeholder,placeholder,placeholder,placeholder,placeholder,placeholder
187,placeholder,placeholder,placeholder,placeholder,placeholder,placeholder,placeholder
188,placeholder,placeholder,placeholder,placeholder,placeholder,placeholder,placeholder
189,placeholder,placeholder,placeholder,placeholder,placeholder,placeholder,placeholder
190,placeholder,placeholder,placeholder,placeholder,placeholder,placeholder,placeholder
191,placeholder,placeholder,placeholder,placeholder,placeholder,placeholder,placeholder
192,placeholder,placeholder,placeholder,placeholder,placeholder,placeholder,placeholder
193,placeholder,placeholder,placeholder,placeholder,placeholder,placeholder,placeholder
194,placeholder,placeholder,placeholder,placeholder,placeholder,placeholder,placeholder
195,placeholder,placeholder,placeholder,placeholder,placeholder,placeholder,placeholder
196,placeholder,placeholder,placeholder,placeholder,placeholder,placeholder,placeholder
197,placeholder,placeholder,placeholder,placeholder,placeholder,placeholder,placeholder
198,placeholder,placeholder,placeholder,placeholder,placeholder,placeholder,placeholder
199,placeholder,placeholder,placeholder,placeholder,placeholder,placeholder,placeholder
200,placeholder,placeholder,placeholder,placeholder,placeholder,placeholder,placeholder
201,placeholder,placeholder,placeholder,placeholder,placeholder,placeholder,placeholder
202,placeholder,placeholder,placeholder,placeholder,placeholder,placeholder,placeholder
203,placeholder,placeholder,placeholder,placeholder,placeholder,placeholder,placeholder
204,placeholder,placeholder,placeholder,placeholder,placeholder,placeholder,placeholder
205,placeholder,placeholder,placeholder,placeholder,placeholder,placeholder,placeholder
206,placeholder,placeholder,placeholder,placeholder,placeholder,placeholder,placeholder
207,placeholder,placeholder,placeholder,placeholder,placeholder,placeholder,placeholder
208,placeholder,placeholder,placeholder,placeholder,placeholder,placeholder,placeholder
209,placeholder,placeholder,placeholder,placeholder,placeholder,placeholder,placeholder
210,placeholder,placeholder,placeholder,placeholder,placeholder,placeholder,placeholder
211,placeholder,placeholder,placeholder,placeholder,placeholder,placeholder,placeholder
212,placeholder,placeholder,placeholder,placeholder,placeholder,placeholder,placeholder
213,placeholder,placeholder,placeholder,placeholder,placeholder,placeholder,placeholder
214,placeholder,placeholder,placeholder,placeholder,placeholder,placeholder,placeholder
215,placeholder,placeholder,placeholder,placeholder,placeholder,placeholder,placeholder
216,placeholder,placeholder,placeholder,placeholder,placeholder,placeholder,placeholder
217,placeholder,placeholder,placeholder,placeholder,placeholder,placeholder,placeholder
218,placeholder,placeholder,placeholder,placeholder,placeholder,placeholder,placeholder
219,placeholder,placeholder,placeholder,placeholder,placeholder,placeholder,placeholder
220,placeholder,placeholder,placeholder,placeholder,placeholder,placeholder,placeholder
221,placeholder,placeholder,placeholder,placeholder,placeholder,placeholder,placeholder
222,placeholder,placeholder,placeholder,placeholder,placeholder,placeholder,placeholder
223,placeholder,placeholder,placeholder,placeholder,placeholder,placeholder,placeholder
224,placeholder,placeholder,placeholder,placeholder,placeholder,placeholder,placeholder
225,placeholder,placeholder,placeholder,placeholder,placeholder,placeholder,placeholder
226,placeholder,placeholder,placeholder,placeholder,placeholder,placeholder,placeholder
227,placeholder,placeholder,placeholder,placeholder,placeholder,placeholder,placeholder
228,placeholder,placeholder,placeholder,placeholder,placeholder,placeholder,placeholder
229,placeholder,placeholder,placeholder,placeholder,placeholder,placeholder,placeholder
230,placeholder,placeholder,placeholder,placeholder,placeholder,placeholder,placeholder
231,placeholder,placeholder,placeholder,placeholder,placeholder,placeholder,placeholder
232,placeholder,placeholder,placeholder,placeholder,placeholder,placeholder,placeholder
233,placeholder,placeholder,placeholder,placeholder,placeholder,placeholder,placeholder
234,placeholder,placeholder,placeholder,placeholder,placeholder,placeholder,placeholder
235,placeholder,placeholder,placeholder,placeholder,placeholder,placeholder,placeholder
236,placeholder,placeholder,placeholder,placeholder,placeholder,placeholder,placeholder
237,placeholder,placeholder,placeholder,placeholder,placeholder,placeholder,placeholder
238,placeholder,placeholder,placeholder,placeholder,placeholder,placeholder,placeholder
239,placeholder,placeholder,placeholder,placeholder,placeholder,placeholder,placeholder
240,placeholder,placeholder,placeholder,placeholder,placeholder,placeholder,placeholder
241,placeholder,placeholder,placeholder,placeholder,placeholder,placeholder,placeholder
242,placeholder,placeholder,placeholder,placeholder,placeholder,placeholder,placeholder
243,placeholder,placeholder,placeholder,placeholder,placeholder,placeholder,placeholder
244,placeholder,placeholder,placeholder,placeholder,placeholder,placeholder,placeholder
245,placeholder,placeholder,placeholder,placeholder,placeholder,placeholder,placeholder
246,placeholder,placeholder,placeholder,placeholder,placeholder,placeholder,placeholder
247,placeholder,placeholder,placeholder,placeholder,placeholder,placeholder,placeholder
248,placeholder,placeholder,placeholder,placeholder,placeholder,placeholder,placeholder
249,placeholder,placeholder,placeholder,placeholder,placeholder,placeholder,placeholder
250,placeholder,placeholder,placeholder,placeholder,placeholder,placeholder,placeholder
251,placeholder,placeholder,placeholder,placeholder,placeholder,placeholder,placeholder
252,placeholder,placeholder,placeholder,placeholder,placeholder,placeholder,placeholder
253,placeholder,placeholder,placeholder,placeholder,placeholder,placeholder,placeholder
254,placeholder,placeholder,placeholder,placeholder,placeholder,placeholder,placeholder
255,placeholder,placeholder,placeholder,placeholder,placeholder,placeholder,placeholder
256,placeholder,placeholder,placeholder,placeholder,placeholder,placeholder,placeholder
257,placeholder,placeholder,placeholder,placeholder,placeholder,placeholder,placeholder
258,placeholder,placeholder,placeholder,placeholder,placeholder,placeholder,placeholder
259,placeholder,placeholder,placeholder,placeholder,placeholder,placeholder,placeholder
260,placeholder,placeholder,placeholder,placeholder,placeholder,placeholder,placeholder
261,placeholder,placeholder,placeholder,placeholder,placeholder,placeholder,placeholder
262,placeholder,placeholder,placeholder,placeholder,placeholder,placeholder,placeholder
263,placeholder,placeholder,placeholder,placeholder,placeholder,placeholder,placeholder
264,placeholder,placeholder,placeholder,placeholder,placeholder,placeholder,placeholder
265,placeholder,placeholder,placeholder,placeholder,placeholder,placeholder,placeholder
266,placeholder,placeholder,placeholder,placeholder,placeholder,placeholder,placeholder
267,placeholder,placeholder,placeholder,placeholder,placeholder,placeholder,placeholder
268,placeholder,placeholder,placeholder,placeholder,placeholder,placeholder,placeholder
269,placeholder,placeholder,placeholder,placeholder,placeholder,placeholder,placeholder
270,placeholder,placeholder,placeholder,placeholder,placeholder,placeholder,placeholder
271,placeholder,placeholder,placeholder,placeholder,placeholder,placeholder,placeholder
272,placeholder,placeholder,placeholder,placeholder,placeholder,placeholder,placeholder
273,placeholder,placeholder,placeholder,placeholder,placeholder,placeholder,placeholder
274,placeholder,placeholder,placeholder,placeholder,placeholder,placeholder,placeholder
275,placeholder,placeholder,placeholder,placeholder,placeholder,placeholder,placeholder
276,placeholder,placeholder,placeholder,placeholder,placeholder,placeholder,placeholder
277,placeholder,placeholder,placeholder,placeholder,placeholder,placeholder,placeholder
278,placeholder,placeholder,placeholder,placeholder,placeholder,placeholder,placeholder
279,placeholder,placeholder,placeholder,placeholder,placeholder,placeholder,placeholder
280,placeholder,placeholder,placeholder,placeholder,placeholder,placeholder,placeholder
281,placeholder,placeholder,placeholder,placeholder,placeholder,placeholder,placeholder
282,placeholder,placeholder,placeholder,placeholder,placeholder,placeholder,placeholder
283,placeholder,placeholder,placeholder,placeholder,placeholder,placeholder,placeholder
284,placeholder,placeholder,placeholder,placeholder,placeholder,placeholder,placeholder
285,placeholder,placeholder,placeholder,placeholder,placeholder,placeholder,placeholder
286,placeholder,placeholder,placeholder,placeholder,placeholder,placeholder,placeholder
287,placeholder,placeholder,placeholder,placeholder,placeholder,placeholder,placeholder
288,placeholder,placeholder,placeholder,placeholder,placeholder,placeholder,placeholder
289,placeholder,placeholder,placeholder,placeholder,placeholder,placeholder,placeholder
290,placeholder,placeholder,placeholder,placeholder,placeholder,placeholder,placeholder
291,placeholder,placeholder,placeholder,placeholder,placeholder,placeholder,placeholder
292,placeholder,placeholder,placeholder,placeholder,placeholder,placeholder,placeholder
293,placeholder,placeholder,placeholder,placeholder,placeholder,placeholder,placeholder
294,placeholder,placeholder,placeholder,placeholder,placeholder,placeholder,placeholder
295,placeholder,placeholder,placeholder,placeholder,placeholder,placeholder,placeholder
296,placeholder,placeholder,placeholder,placeholder,placeholder,placeholder,placeholder
297,placeholder,placeholder,placeholder,placeholder,placeholder,placeholder,placeholder
298,placeholder,placeholder,placeholder,placeholder,placeholder,placeholder,placeholder
299,placeholder,placeholder,placeholder,placeholder,placeholder,placeholder,placeholder
300,placeholder,placeholder,placeholder,placeholder,placeholder,placeholder,placeholder
301,placeholder,placeholder,placeholder,placeholder,placeholder,placeholder,placeholder
302,placeholder,placeholder,placeholder,placeholder,placeholder,placeholder,placeholder
303,placeholder,placeholder,placeholder,placeholder,placeholder,placeholder,placeholder
304,placeholder,placeholder,placeholder,placeholder,placeholder,placeholder,placeholder
305,placeholder,placeholder,placeholder,placeholder,placeholder,placeholder,placeholder
306,placeholder,placeholder,placeholder,placeholder,placeholder,placeholder,placeholder
307,placeholder,placeholder,placeholder,placeholder,placeholder,placeholder,placeholder
308,placeholder,placeholder,placeholder,placeholder,placeholder,placeholder,placeholder
309,placeholder,placeholder,placeholder,placeholder,placeholder,placeholder,placeholder
310,placeholder,placeholder,placeholder,placeholder,placeholder,placeholder,placeholder
311,placeholder,placeholder,placeholder,placeholder,placeholder,placeholder,placeholder
312,placeholder,placeholder,placeholder,placeholder,placeholder,placeholder,placeholder
313,placeholder,placeholder,placeholder,placeholder,placeholder,placeholder,placeholder
314,placeholder,placeholder,placeholder,placeholder,placeholder,placeholder,placeholder
315,placeholder,placeholder,placeholder,placeholder,placeholder,placeholder,placeholder
316,placeholder,placeholder,placeholder,placeholder,placeholder,placeholder,placeholder
317,placeholder,placeholder,placeholder,placeholder,placeholder,placeholder,placeholder
318,placeholder,placeholder,placeholder,placeholder,placeholder,placeholder,placeholder
319,placeholder,placeholder,placeholder,placeholder,placeholder,placeholder,placeholder
320,placeholder,placeholder,placeholder,placeholder,placeholder,placeholder,placeholder
321,placeholder,placeholder,placeholder,placeholder,placeholder,placeholder,placeholder
322,placeholder,placeholder,placeholder,placeholder,placeholder,placeholder,placeholder
323,placeholder,placeholder,placeholder,placeholder,placeholder,placeholder,placeholder
324,placeholder,placeholder,placeholder,placeholder,placeholder,placeholder,placeholder
325,placeholder,placeholder,placeholder,placeholder,placeholder,placeholder,placeholder
326,placeholder,placeholder,placeholder,placeholder,placeholder,placeholder,placeholder
327,placeholder,placeholder,placeholder,placeholder,placeholder,placeholder,placeholder
328,placeholder,placeholder,placeholder,placeholder,placeholder,placeholder,placeholder
329,placeholder,placeholder,placeholder,placeholder,placeholder,placeholder,placeholder
330,placeholder,placeholder,placeholder,placeholder,placeholder,placeholder,placeholder
331,placeholder,placeholder,placeholder,placeholder,placeholder,placeholder,placeholder
332,placeholder,placeholder,placeholder,placeholder,placeholder,placeholder,placeholder
333,placeholder,placeholder,placeholder,placeholder,placeholder,placeholder,placeholder
334,placeholder,placeholder,placeholder,placeholder,placeholder,placeholder,placeholder
335,placeholder,placeholder,placeholder,placeholder,placeholder,placeholder,placeholder
336,placeholder,placeholder,placeholder,placeholder,placeholder,placeholder,placeholder
337,placeholder,placeholder,placeholder,placeholder,placeholder,placeholder,placeholder
338,placeholder,placeholder,placeholder,placeholder,placeholder,placeholder,placeholder
339,placeholder,placeholder,placeholder,placeholder,placeholder,placeholder,placeholder
340,placeholder,placeholder,placeholder,placeholder,placeholder,placeholder,placeholder
341,placeholder,placeholder,placeholder,placeholder,placeholder,placeholder,placeholder
342,placeholder,placeholder,placeholder,placeholder,placeholder,placeholder,placeholder
343,placeholder,placeholder,placeholder,placeholder,placeholder,placeholder,placeholder
344,placeholder,placeholder,placeholder,placeholder,placeholder,placeholder,placeholder
345,placeholder,placeholder,placeholder,placeholder,placeholder,placeholder,placeholder
346,placeholder,placeholder,placeholder,placeholder,placeholder,placeholder,placeholder
347,placeholder,placeholder,placeholder,placeholder,placeholder,placeholder,placeholder
348,placeholder,placeholder,placeholder,placeholder,placeholder,placeholder,placeholder
349,placeholder,placeholder,placeholder,placeholder,placeholder,placeholder,placeholder
350,placeholder,placeholder,placeholder,placeholder,placeholder,placeholder,placeholder
351,placeholder,placeholder,placeholder,placeholder,placeholder,placeholder,placeholder
352,placeholder,placeholder,placeholder,placeholder,placeholder,placeholder,placeholder
353,placeholder,placeholder,placeholder,placeholder,placeholder,placeholder,placeholder
354,placeholder,placeholder,placeholder,placeholder,placeholder,placeholder,placeholder
355,placeholder,placeholder,placeholder,placeholder,placeholder,placeholder,placeholder
356,placeholder,placeholder,placeholder,placeholder,placeholder,placeholder,placeholder
357,placeholder,placeholder,placeholder,placeholder,placeholder,placeholder,placeholder
358,placeholder,placeholder,placeholder,placeholder,placeholder,placeholder,placeholder
359,placeholder,placeholder,placeholder,placeholder,placeholder,placeholder,placeholder
360,placeholder,placeholder,placeholder,placeholder,placeholder,placeholder,placeholder
361,placeholder,placeholder,placeholder,placeholder,placeholder,placeholder,placeholder
362,placeholder,placeholder,placeholder,placeholder,placeholder,placeholder,placeholder
363,placeholder,placeholder,placeholder,placeholder,placeholder,placeholder,placeholder
364,placeholder,placeholder,placeholder,placeholder,placeholder,placeholder,placeholder
365,placeholder,placeholder,placeholder,placeholder,placeholder,placeholder,placeholder
366,placeholder,placeholder,placeholder,placeholder,placeholder,placeholder,placeholder
367,placeholder,placeholder,placeholder,placeholder,placeholder,placeholder,placeholder
368,placeholder,placeholder,placeholder,placeholder,placeholder,placeholder,placeholder
369,placeholder,placeholder,placeholder,placeholder,placeholder,placeholder,placeholder
370,placeholder,placeholder,placeholder,placeholder,placeholder,placeholder,placeholder
371,placeholder,placeholder,placeholder,placeholder,placeholder,placeholder,placeholder
372,placeholder,placeholder,placeholder,placeholder,placeholder,placeholder,placeholder
373,placeholder,placeholder,placeholder,placeholder,placeholder,placeholder,placeholder
374,placeholder,placeholder,placeholder,placeholder,placeholder,placeholder,placeholder
375,placeholder,placeholder,placeholder,placeholder,placeholder,placeholder,placeholder
376,placeholder,placeholder,placeholder,placeholder,placeholder,placeholder,placeholder
377,placeholder,placeholder,placeholder,placeholder,placeholder,placeholder,placeholder
378,placeholder,placeholder,placeholder,placeholder,placeholder,placeholder,placeholder
379,placeholder,placeholder,placeholder,placeholder,placeholder,placeholder,placeholder
380,placeholder,placeholder,placeholder,placeholder,placeholder,placeholder,placeholder
381,placeholder,placeholder,placeholder,placeholder,placeholder,placeholder,placeholder
382,placeholder,placeholder,placeholder,placeholder,placeholder,placeholder,placeholder
383,placeholder,placeholder,placeholder,placeholder,placeholder,placeholder,placeholder
384,placeholder,placeholder,placeholder,placeholder,placeholder,placeholder,placeholder
385,placeholder,placeholder,placeholder,placeholder,placeholder,placeholder,placeholder
386,placeholder,placeholder,placeholder,placeholder,placeholder,placeholder,placeholder
387,placeholder,placeholder,placeholder,placeholder,placeholder,placeholder,placeholder
388,placeholder,placeholder,placeholder,placeholder,placeholder,placeholder,placeholder
389,placeholder,placeholder,placeholder,placeholder,placeholder,placeholder,placeholder
390,placeholder,placeholder,placeholder,placeholder,placeholder,placeholder,placeholder
391,placeholder,placeholder,placeholder,placeholder,placeholder,placeholder,placeholder
392,placeholder,placeholder,placeholder,placeholder,placeholder,placeholder,placeholder
393,placeholder,placeholder,placeholder,placeholder,placeholder,placeholder,placeholder
394,placeholder,placeholder,placeholder,placeholder,placeholder,placeholder,placeholder
395,placeholder,placeholder,placeholder,placeholder,placeholder,placeholder,placeholder
396,placeholder,placeholder,placeholder,placeholder,placeholder,placeholder,placeholder
397,placeholder,placeholder,placeholder,placeholder,placeholder,placeholder,placeholder
398,placeholder,placeholder,placeholder,placeholder,placeholder,placeholder,placeholder
399,placeholder,placeholder,placeholder,placeholder,placeholder,placeholder,placeholder
400,placeholder,placeholder,placeholder,placeholder,placeholder,placeholder,placeholder
401,placeholder,placeholder,placeholder,placeholder,placeholder,placeholder,placeholder
402,placeholder,placeholder,placeholder,placeholder,placeholder,placeholder,placeholder
403,placeholder,placeholder,placeholder,placeholder,placeholder,placeholder,placeholder
404,placeholder,placeholder,placeholder,placeholder,placeholder,placeholder,placeholder
405,placeholder,placeholder,placeholder,placeholder,placeholder,placeholder,placeholder
406,placeholder,placeholder,placeholder,placeholder,placeholder,placeholder,placeholder
407,placeholder,placeholder,placeholder,placeholder,placeholder,placeholder,placeholder
408,placeholder,placeholder,placeholder,placeholder,placeholder,placeholder,placeholder
409,placeholder,placeholder,placeholder,placeholder,placeholder,placeholder,placeholder
410,placeholder,placeholder,placeholder,placeholder,placeholder,placeholder,placeholder
411,placeholder,placeholder,placeholder,placeholder,placeholder,placeholder,placeholder
412,placeholder,placeholder,placeholder,placeholder,placeholder,placeholder,placeholder
413,placeholder,placeholder,placeholder,placeholder,placeholder,placeholder,placeholder
414,placeholder,placeholder,placeholder,placeholder,placeholder,placeholder,placeholder
415,placeholder,placeholder,placeholder,placeholder,placeholder,placeholder,placeholder
416,placeholder,placeholder,placeholder,placeholder,placeholder,placeholder,placeholder
417,placeholder,placeholder,placeholder,placeholder,placeholder,placeholder,placeholder
418,placeholder,placeholder,placeholder,placeholder,placeholder,placeholder,placeholder
419,placeholder,placeholder,placeholder,placeholder,placeholder,placeholder,placeholder
420,placeholder,placeholder,placeholder,placeholder,placeholder,placeholder,placeholder
421,placeholder,placeholder,placeholder,placeholder,placeholder,placeholder,placeholder
422,placeholder,placeholder,placeholder,placeholder,placeholder,placeholder,placeholder
423,placeholder,placeholder,placeholder,placeholder,placeholder,placeholder,placeholder
424,placeholder,placeholder,placeholder,placeholder,placeholder,placeholder,placeholder
425,placeholder,placeholder,placeholder,placeholder,placeholder,placeholder,placeholder
426,placeholder,placeholder,placeholder,placeholder,placeholder,placeholder,placeholder
427,placeholder,placeholder,placeholder,placeholder,placeholder,placeholder,placeholder
428,placeholder,placeholder,placeholder,placeholder,placeholder,placeholder,placeholder
429,placeholder,placeholder,placeholder,placeholder,placeholder,placeholder,placeholder
430,placeholder,placeholder,placeholder,placeholder,placeholder,placeholder,placeholder
431,placeholder,placeholder,placeholder,placeholder,placeholder,placeholder,placeholder
432,placeholder,placeholder,placeholder,placeholder,placeholder,placeholder,placeholder
433,placeholder,placeholder,placeholder,placeholder,placeholder,placeholder,placeholder
434,placeholder,placeholder,placeholder,placeholder,placeholder,placeholder,placeholder
435,placeholder,placeholder,placeholder,placeholder,placeholder,placeholder,placeholder
436,placeholder,placeholder,placeholder,placeholder,placeholder,placeholder,placeholder
437,placeholder,placeholder,placeholder,placeholder,placeholder,placeholder,placeholder
438,placeholder,placeholder,placeholder,placeholder,placeholder,placeholder,placeholder
439,placeholder,placeholder,placeholder,placeholder,placeholder,placeholder,placeholder
440,placeholder,placeholder,placeholder,placeholder,placeholder,placeholder,placeholder
441,placeholder,placeholder,placeholder,placeholder,placeholder,placeholder,placeholder
442,placeholder,placeholder,placeholder,placeholder,placeholder,placeholder,placeholder
443,placeholder,placeholder,placeholder,placeholder,placeholder,placeholder,placeholder
444,placeholder,placeholder,placeholder,placeholder,placeholder,placeholder,placeholder
445,placeholder,placeholder,placeholder,placeholder,placeholder,placeholder,placeholder
446,placeholder,placeholder,placeholder,placeholder,placeholder,placeholder,placeholder
447,placeholder,placeholder,placeholder,placeholder,placeholder,placeholder,placeholder
448,placeholder,placeholder,placeholder,placeholder,placeholder,placeholder,placeholder
449,placeholder,placeholder,placeholder,placeholder,placeholder,placeholder,placeholder
450,placeholder,placeholder,placeholder,placeholder,placeholder,placeholder,placeholder
451,placeholder,placeholder,placeholder,placeholder,placeholder,placeholder,placeholder
452,placeholder,placeholder,placeholder,placeholder,placeholder,placeholder,placeholder
453,placeholder,placeholder,placeholder,placeholder,placeholder,placeholder,placeholder
454,placeholder,placeholder,placeholder,placeholder,placeholder,placeholder,placeholder
455,placeholder,placeholder,placeholder,placeholder,placeholder,placeholder,placeholder
456,placeholder,placeholder,placeholder,placeholder,placeholder,placeholder,placeholder
457,placeholder,placeholder,placeholder,placeholder,placeholder,placeholder,placeholder
458,placeholder,placeholder,placeholder,placeholder,placeholder,placeholder,placeholder
459,placeholder,placeholder,placeholder,placeholder,placeholder,placeholder,placeholder
460,placeholder,placeholder,placeholder,placeholder,placeholder,placeholder,placeholder
461,placeholder,placeholder,placeholder,placeholder,placeholder,placeholder,placeholder
462,placeholder,placeholder,placeholder,placeholder,placeholder,placeholder,placeholder
463,placeholder,placeholder,placeholder,placeholder,placeholder,placeholder,placeholder
464,placeholder,placeholder,placeholder,placeholder,placeholder,placeholder,placeholder
465,placeholder,placeholder,placeholder,placeholder,placeholder,placeholder,placeholder
466,placeholder,placeholder,placeholder,placeholder,placeholder,placeholder,placeholder
467,placeholder,placeholder,placeholder,placeholder,placeholder,placeholder,placeholder
468,placeholder,placeholder,placeholder,placeholder,placeholder,placeholder,placeholder
469,placeholder,placeholder,placeholder,placeholder,placeholder,placeholder,placeholder
470,placeholder,placeholder,placeholder,placeholder,placeholder,placeholder,placeholder
471,placeholder,placeholder,placeholder,placeholder,placeholder,placeholder,placeholder
472,placeholder,placeholder,placeholder,placeholder,placeholder,placeholder,placeholder
473,placeholder,placeholder,placeholder,placeholder,placeholder,placeholder,placeholder
474,placeholder,placeholder,placeholder,placeholder,placeholder,placeholder,placeholder
475,placeholder,placeholder,placeholder,placeholder,placeholder,placeholder,placeholder
476,placeholder,placeholder,placeholder,placeholder,placeholder,placeholder,placeholder
477,placeholder,placeholder,placeholder,placeholder,placeholder,placeholder,placeholder
478,placeholder,placeholder,placeholder,placeholder,placeholder,placeholder,placeholder
479,placeholder,placeholder,placeholder,placeholder,placeholder,placeholder,placeholder
480,placeholder,placeholder,placeholder,placeholder,placeholder,placeholder,placeholder
481,placeholder,placeholder,placeholder,placeholder,placeholder,placeholder,placeholder
482,placeholder,placeholder,placeholder,placeholder,placeholder,placeholder,placeholder
483,placeholder,placeholder,placeholder,placeholder,placeholder,placeholder,placeholder
484,placeholder,placeholder,placeholder,placeholder,placeholder,placeholder,placeholder
485,placeholder,placeholder,placeholder,placeholder,placeholder,placeholder,placeholder
486,placeholder,placeholder,placeholder,placeholder,placeholder,placeholder,placeholder
487,placeholder,placeholder,placeholder,placeholder,placeholder,placeholder,placeholder
488,placeholder,placeholder,placeholder,placeholder,placeholder,placeholder,placeholder
489,placeholder,placeholder,placeholder,placeholder,placeholder,placeholder,placeholder
490,placeholder,placeholder,placeholder,placeholder,placeholder,placeholder,placeholder
491,placeholder,placeholder,placeholder,placeholder,placeholder,placeholder,placeholder
492,placeholder,placeholder,placeholder,placeholder,placeholder,placeholder,placeholder
493,placeholder,placeholder,placeholder,placeholder,placeholder,placeholder,placeholder
494,placeholder,placeholder,placeholder,placeholder,placeholder,placeholder,placeholder
495,placeholder,placeholder,placeholder,placeholder,placeholder,placeholder,placeholder
496,placeholder,placeholder,placeholder,placeholder,placeholder,placeholder,placeholder
497,placeholder,placeholder,placeholder,placeholder,placeholder,placeholder,placeholder
498,placeholder,placeholder,placeholder,placeholder,placeholder,placeholder,placeholder
499,placeholder,placeholder,placeholder,placeholder,placeholder,placeholder,placeholder
500,placeholder,placeholder,placeholder,placeholder,placeholder,placeholder,placeholder
501,placeholder,placeholder,placeholder,placeholder,placeholder,placeholder,placeholder
502,placeholder,placeholder,placeholder,placeholder,placeholder,placeholder,placeholder
503,placeholder,placeholder,placeholder,placeholder,placeholder,placeholder,placeholder
504,placeholder,placeholder,placeholder,placeholder,placeholder,placeholder,placeholder
505,placeholder,placeholder,placeholder,placeholder,placeholder,placeholder,placeholder
506,placeholder,placeholder,placeholder,placeholder,placeholder,placeholder,placeholder
507,placeholder,placeholder,placeholder,placeholder,placeholder,placeholder,placeholder
508,placeholder,placeholder,placeholder,placeholder,placeholder,placeholder,placeholder
509,placeholder,placeholder,placeholder,placeholder,placeholder,placeholder,placeholder
510,placeholder,placeholder,placeholder,placeholder,placeholder,placeholder,placeholder
511,placeholder,placeholder,placeholder,placeholder,placeholder,placeholder,placeholder
512,placeholder,placeholder,placeholder,placeholder,placeholder,placeholder,placeholder
513,placeholder,placeholder,placeholder,placeholder,placeholder,placeholder,placeholder
514,placeholder,placeholder,placeholder,placeholder,placeholder,placeholder,placeholder
515,placeholder,placeholder,placeholder,placeholder,placeholder,placeholder,placeholder
516,placeholder,placeholder,placeholder,placeholder,placeholder,placeholder,placeholder
517,placeholder,placeholder,placeholder,placeholder,placeholder,placeholder,placeholder
518,placeholder,placeholder,placeholder,placeholder,placeholder,placeholder,placeholder
519,placeholder,placeholder,placeholder,placeholder,placeholder,placeholder,placeholder
520,placeholder,placeholder,placeholder,placeholder,placeholder,placeholder,placeholder
521,placeholder,placeholder,placeholder,placeholder,placeholder,placeholder,placeholder
522,placeholder,placeholder,placeholder,placeholder,placeholder,placeholder,placeholder
523,placeholder,placeholder,placeholder,placeholder,placeholder,placeholder,placeholder
524,placeholder,placeholder,placeholder,placeholder,placeholder,placeholder,placeholder
525,placeholder,placeholder,placeholder,placeholder,placeholder,placeholder,placeholder
526,placeholder,placeholder,placeholder,placeholder,placeholder,placeholder,placeholder
527,placeholder,placeholder,placeholder,placeholder,placeholder,placeholder,placeholder
528,placeholder,placeholder,placeholder,placeholder,placeholder,placeholder,placeholder
529,placeholder,placeholder,placeholder,placeholder,placeholder,placeholder,placeholder
530,placeholder,placeholder,placeholder,placeholder,placeholder,placeholder,placeholder
531,placeholder,placeholder,placeholder,placeholder,placeholder,placeholder,placeholder
532,placeholder,placeholder,placeholder,placeholder,placeholder,placeholder,placeholder
533,placeholder,placeholder,placeholder,placeholder,placeholder,placeholder,placeholder
534,placeholder,placeholder,placeholder,placeholder,placeholder,placeholder,placeholder
535,placeholder,placeholder,placeholder,placeholder,placeholder,placeholder,placeholder
536,placeholder,placeholder,placeholder,placeholder,placeholder,placeholder,placeholder
537,placeholder,placeholder,placeholder,placeholder,placeholder,placeholder,placeholder
538,placeholder,placeholder,placeholder,placeholder,placeholder,placeholder,placeholder
539,placeholder,placeholder,placeholder,placeholder,placeholder,placeholder,placeholder
540,placeholder,placeholder,placeholder,placeholder,placeholder,placeholder,placeholder
541,placeholder,placeholder,placeholder,placeholder,placeholder,placeholder,placeholder
542,placeholder,placeholder,placeholder,placeholder,placeholder,placeholder,placeholder
543,placeholder,placeholder,placeholder,placeholder,placeholder,placeholder,placeholder
544,placeholder,placeholder,placeholder,placeholder,placeholder,placeholder,placeholder
545,placeholder,placeholder,placeholder,placeholder,placeholder,placeholder,placeholder
546,placeholder,placeholder,placeholder,placeholder,placeholder,placeholder,placeholder
547,placeholder,placeholder,placeholder,placeholder,placeholder,placeholder,placeholder
548,placeholder,placeholder,placeholder,placeholder,placeholder,placeholder,placeholder
549,placeholder,placeholder,placeholder,placeholder,placeholder,placeholder,placeholder
550,placeholder,placeholder,placeholder,placeholder,placeholder,placeholder,placeholder
551,placeholder,placeholder,placeholder,placeholder,placeholder,placeholder,placeholder
552,placeholder,placeholder,placeholder,placeholder,placeholder,placeholder,placeholder
553,placeholder,placeholder,placeholder,placeholder,placeholder,placeholder,placeholder
554,placeholder,placeholder,placeholder,placeholder,placeholder,placeholder,placeholder
555,placeholder,placeholder,placeholder,placeholder,placeholder,placeholder,placeholder
556,placeholder,placeholder,placeholder,placeholder,placeholder,placeholder,placeholder
557,placeholder,placeholder,placeholder,placeholder,placeholder,placeholder,placeholder
558,placeholder,placeholder,placeholder,placeholder,placeholder,placeholder,placeholder
559,placeholder,placeholder,placeholder,placeholder,placeholder,placeholder,placeholder
560,placeholder,placeholder,placeholder,placeholder,placeholder,placeholder,placeholder
561,placeholder,placeholder,placeholder,placeholder,placeholder,placeholder,placeholder
562,placeholder,placeholder,placeholder,placeholder,placeholder,placeholder,placeholder
563,placeholder,placeholder,placeholder,placeholder,placeholder,placeholder,placeholder
564,placeholder,placeholder,placeholder,placeholder,placeholder,placeholder,placeholder
565,placeholder,placeholder,placeholder,placeholder,placeholder,placeholder,placeholder
566,placeholder,placeholder,placeholder,placeholder,placeholder,placeholder,placeholder
567,placeholder,placeholder,placeholder,placeholder,placeholder,placeholder,placeholder
568,placeholder,placeholder,placeholder,placeholder,placeholder,placeholder,placeholder
569,placeholder,placeholder,placeholder,placeholder,placeholder,placeholder,placeholder
570,placeholder,placeholder,placeholder,placeholder,placeholder,placeholder,placeholder
571,placeholder,placeholder,placeholder,placeholder,placeholder,placeholder,placeholder
572,placeholder,placeholder,placeholder,placeholder,placeholder,placeholder,placeholder
573,placeholder,placeholder,placeholder,placeholder,placeholder,placeholder,placeholder
574,placeholder,placeholder,placeholder,placeholder,placeholder,placeholder,placeholder
575,placeholder,placeholder,placeholder,placeholder,placeholder,placeholder,placeholder
576,placeholder,placeholder,placeholder,placeholder,placeholder,placeholder,placeholder
577,placeholder,placeholder,placeholder,placeholder,placeholder,placeholder,placeholder
578,placeholder,placeholder,placeholder,placeholder,placeholder,placeholder,placeholder
579,placeholder,placeholder,placeholder,placeholder,placeholder,placeholder,placeholder
580,placeholder,placeholder,placeholder,placeholder,placeholder,placeholder,placeholder
581,placeholder,placeholder,placeholder,placeholder,placeholder,placeholder,placeholder
582,placeholder,placeholder,placeholder,placeholder,placeholder,placeholder,placeholder
583,placeholder,placeholder,placeholder,placeholder,placeholder,placeholder,placeholder
584,placeholder,placeholder,placeholder,placeholder,placeholder,placeholder,placeholder
585,placeholder,placeholder,placeholder,placeholder,placeholder,placeholder,placeholder
586,placeholder,placeholder,placeholder,placeholder,placeholder,placeholder,placeholder
587,placeholder,placeholder,placeholder,placeholder,placeholder,placeholder,placeholder
588,placeholder,placeholder,placeholder,placeholder,placeholder,placeholder,placeholder
589,placeholder,placeholder,placeholder,placeholder,placeholder,placeholder,placeholder
590,placeholder,placeholder,placeholder,placeholder,placeholder,placeholder,placeholder
591,placeholder,placeholder,placeholder,placeholder,placeholder,placeholder,placeholder
592,placeholder,placeholder,placeholder,placeholder,placeholder,placeholder,placeholder
593,placeholder,placeholder,placeholder,placeholder,placeholder,placeholder,placeholder
594,placeholder,placeholder,placeholder,placeholder,placeholder,placeholder,placeholder
595,placeholder,placeholder,placeholder,placeholder,placeholder,placeholder,placeholder
596,placeholder,placeholder,placeholder,placeholder,placeholder,placeholder,placeholder
597,placeholder,placeholder,placeholder,placeholder,placeholder,placeholder,placeholder
598,placeholder,placeholder,placeholder,placeholder,placeholder,placeholder,placeholder
599,placeholder,placeholder,placeholder,placeholder,placeholder,placeholder,placeholder
600,placeholder,placeholder,placeholder,placeholder,placeholder,placeholder,placeholder
